indexid,tradedate,ticker,shortnames,weight
IMOEX,2026-07-27,AFKS,Система ао,0.31
IMOEX,2026-07-27,AFLT,Аэрофлот,0.45
IMOEX,2026-07-27,ALRS,АЛРОСА ао,0.36
IMOEX,2026-07-27,BSPB,БСП ао,0.35
IMOEX,2026-07-27,CBOM,МКБ ао,0.84
IMOEX,2026-07-27,CHMF,СевСт-ао,0.83
IMOEX,2026-07-27,CNRU,iЦиан,0.31
IMOEX,2026-07-27,DOMRF,ДОМ.РФ,0.69
IMOEX,2026-07-27,ENPG,ЭН+ГРУП ао,0.46
IMOEX,2026-07-27,FLOT,Совкомфлот,0.35
IMOEX,2026-07-27,GAZP,ГАЗПРОМ ао,9.1
IMOEX,2026-07-27,GMKN,ГМКНорНик,4.05
IMOEX,2026-07-27,HEAD,Хэдхантер,1.15
IMOEX,2026-07-27,IRAO,ИнтерРАОао,1.05
IMOEX,2026-07-27,LENT,Лента ао,0.36
IMOEX,2026-07-27,LKOH,ЛУКОЙЛ,16.57
IMOEX,2026-07-27,MAGN,ММК,0.45
IMOEX,2026-07-27,MDMG,MDMG-ао,0.41
IMOEX,2026-07-27,MOEX,МосБиржа,1.15
IMOEX,2026-07-27,MSNG,+МосЭнерго,0.17
IMOEX,2026-07-27,MTSS,МТС-ао,1.08
IMOEX,2026-07-27,NLMK,НЛМК ао,0.76
IMOEX,2026-07-27,NVTK,Новатэк ао,4.48
IMOEX,2026-07-27,OZON,Озон,2.85
IMOEX,2026-07-27,PHOR,ФосАгро ао,0.64
IMOEX,2026-07-27,PLZL,Полюс,2.79
IMOEX,2026-07-27,POSI,iПозитив,0.29
IMOEX,2026-07-27,RAGR,Русагро,0.33
IMOEX,2026-07-27,RENI,Ренессанс,0.2
IMOEX,2026-07-27,ROSN,Роснефть,2.79
IMOEX,2026-07-27,RTKM,Ростел -ао,0.49
IMOEX,2026-07-27,RUAL,РУСАЛ ао,0.8
IMOEX,2026-07-27,SBER,Сбербанк,12.43
IMOEX,2026-07-27,SBERP,Сбербанк-п,2.42
IMOEX,2026-07-27,SNGS,Сургнфгз,1.62
IMOEX,2026-07-27,SNGSP,Сургнфгз-п,1.87
IMOEX,2026-07-27,SVCB,Совкомбанк,0.55
IMOEX,2026-07-27,T,Т-Техно ао,5.07
IMOEX,2026-07-27,TATN,Татнфт 3ао,4.9
IMOEX,2026-07-27,TATNP,Татнфт 3ап,0.86
IMOEX,2026-07-27,TRNFP,Транснф ап,0.44
IMOEX,2026-07-27,UGLD,ЮГК,0.26
IMOEX,2026-07-27,VKCO,"МКПАО ""ВК""",0.26
IMOEX,2026-07-27,VTBR,ВТБ ао,2.65
IMOEX,2026-07-27,X5,КЦ ИКС 5,2.83
IMOEX,2026-07-27,YDEX,ЯНДЕКС,6.95
MOEXOG,2026-07-27,BANEP,Башнефт ап,0.86
MOEXOG,2026-07-27,GAZP,ГАЗПРОМ ао,18.48
MOEXOG,2026-07-27,LKOH,ЛУКОЙЛ,21.78
MOEXOG,2026-07-27,NVTK,Новатэк ао,15.81
MOEXOG,2026-07-27,RNFT,РуссНфт ао,0.38
MOEXOG,2026-07-27,ROSN,Роснефть,9.83
MOEXOG,2026-07-27,SNGS,Сургнфгз,5.71
MOEXOG,2026-07-27,SNGSP,Сургнфгз-п,6.6
MOEXOG,2026-07-27,TATN,Татнфт 3ао,16.17
MOEXOG,2026-07-27,TATNP,Татнфт 3ап,2.84
MOEXOG,2026-07-27,TRNFP,Транснф ап,1.54
MOEXFN,2026-07-27,BSPB,БСП ао,5.43
MOEXFN,2026-07-27,CBOM,МКБ ао,13.19
MOEXFN,2026-07-27,DOMRF,ДОМ.РФ,10.78
MOEXFN,2026-07-27,MBNK,МТС Банк,1.15
MOEXFN,2026-07-27,MOEX,МосБиржа,15.05
MOEXFN,2026-07-27,RENI,Ренессанс,3.13
MOEXFN,2026-07-27,SBER,Сбербанк,12.03
MOEXFN,2026-07-27,SBERP,Сбербанк-п,2.34
MOEXFN,2026-07-27,SFIN,ЭсЭфАй ао,0.5
MOEXFN,2026-07-27,SPBE,СПБ Биржа,0.63
MOEXFN,2026-07-27,SVCB,Совкомбанк,8.53
MOEXFN,2026-07-27,T,Т-Техно ао,14.76
MOEXFN,2026-07-27,VTBR,ВТБ ао,12.48
MOEXMM,2026-07-27,ALRS,АЛРОСА ао,5.58
MOEXMM,2026-07-27,CHMF,СевСт-ао,12.94
MOEXMM,2026-07-27,ENPG,ЭН+ГРУП ао,7.12
MOEXMM,2026-07-27,GMKN,ГМКНорНик,16.84
MOEXMM,2026-07-27,MAGN,ММК,7.01
MOEXMM,2026-07-27,MTLR,Мечел ао,1.1
MOEXMM,2026-07-27,MTLRP,Мечел ап,0.62
MOEXMM,2026-07-27,NLMK,НЛМК ао,11.88
MOEXMM,2026-07-27,PLZL,Полюс,11.71
MOEXMM,2026-07-27,RASP,Распадская,1.06
MOEXMM,2026-07-27,RUAL,РУСАЛ ао,12.47
MOEXMM,2026-07-27,SELG,Селигдар,2.42
MOEXMM,2026-07-27,TRMK,ТМК ао,1.05
MOEXMM,2026-07-27,UGLD,ЮГК,4.03
MOEXMM,2026-07-27,VSMO,ВСМПО-АВСМ,4.17
MOEXCN,2026-07-27,APTK,Аптеки36и6,4.43
MOEXCN,2026-07-27,AQUA,ИНАРКТИКА,3.44
MOEXCN,2026-07-27,BELU,НоваБев ао,2.46
MOEXCN,2026-07-27,EUTR,ЕвроТранс,1.33
MOEXCN,2026-07-27,FIXR,Фикс Прайс,3.9
MOEXCN,2026-07-27,GEMC,МКПАО ЮМГ,5.49
MOEXCN,2026-07-27,HNFG,ХЭНДЕРСОН,0.91
MOEXCN,2026-07-27,LENT,Лента ао,12.07
MOEXCN,2026-07-27,MDMG,MDMG-ао,13.84
MOEXCN,2026-07-27,MGNT,Магнит ао,12.27
MOEXCN,2026-07-27,OZPH,iОзонФарм,6.04
MOEXCN,2026-07-27,PRMD,iПРОМОМЕД,4.16
MOEXCN,2026-07-27,RAGR,Русагро,11.09
MOEXCN,2026-07-27,SVAV,СОЛЛЕРС,1.0
MOEXCN,2026-07-27,VSEH,ВИ.ру,2.5
MOEXCN,2026-07-27,WUSH,iВУШХолднг,1.14
MOEXCN,2026-07-27,X5,КЦ ИКС 5,13.94
MOEXEU,2026-07-27,ELFV,ЭЛ5Энер ао,2.23
MOEXEU,2026-07-27,FEES,Россети,7.77
MOEXEU,2026-07-27,HYDR,РусГидро,7.1
MOEXEU,2026-07-27,IRAO,ИнтерРАОао,13.96
MOEXEU,2026-07-27,LSNGP,РСетиЛЭ-п,15.58
MOEXEU,2026-07-27,MRKC,РоссЦентр,4.55
MOEXEU,2026-07-27,MRKP,РСетиЦП ао,9.7
MOEXEU,2026-07-27,MRKU,Россети Ур,4.76
MOEXEU,2026-07-27,MRKV,РсетВол ао,6.35
MOEXEU,2026-07-27,MSNG,+МосЭнерго,8.35
MOEXEU,2026-07-27,MSRS,РСетиМР ао,7.47
MOEXEU,2026-07-27,OGKB,ОГК-2 ао,2.29
MOEXEU,2026-07-27,TGKA,ТГК-1,2.41
MOEXEU,2026-07-27,UPRO,Юнипро ао,7.47
MOEXCH,2026-07-27,AKRN,Акрон,41.23
MOEXCH,2026-07-27,NKNCP,НКНХ ап,19.0
MOEXCH,2026-07-27,PHOR,ФосАгро ао,39.77
MOEXTN,2026-07-27,AFLT,Аэрофлот,24.22
MOEXTN,2026-07-27,FESH,ДВМП ао,21.03
MOEXTN,2026-07-27,FLOT,Совкомфлот,32.78
MOEXTN,2026-07-27,NKHP,НКХП ао,5.4
MOEXTN,2026-07-27,NMTP,НМТП ао,16.56
MOEXIT,2026-07-24,ASTR,iАстра ао,5.64
MOEXIT,2026-07-24,BAZA,iБАЗИС,2.33
MOEXIT,2026-07-24,CNRU,iЦиан,14.93
MOEXIT,2026-07-24,DATA,iАренадата,2.6
MOEXIT,2026-07-24,DIAS,iДиасофт,1.42
MOEXIT,2026-07-24,HEAD,Хэдхантер,16.57
MOEXIT,2026-07-24,OZON,Озон,12.08
MOEXIT,2026-07-24,POSI,iПозитив,13.05
MOEXIT,2026-07-24,SOFL,iСофтлайн,3.24
MOEXIT,2026-07-24,VKCO,"МКПАО ""ВК""",10.58
MOEXIT,2026-07-24,YDEX,ЯНДЕКС,17.56
MOEXRE,2026-07-24,ETLN,ЭталонГруп,11.02
MOEXRE,2026-07-24,GLRX,ГЛОРАКС,5.32
MOEXRE,2026-07-24,LSRG,ЛСР ао,26.72
MOEXRE,2026-07-24,PIKK,ПИК ао,36.62
MOEXRE,2026-07-24,SMLT,Самолет ао,20.32
